发布时间,微博内容,点赞数,评论数,转发数
2019-08-26,papi酱的周一放送——网上和身边永远有一群“挑刺狂魔”，别人说什么他们都能挑出刺，别人做什么他们都觉得有问题，真不知道是能冒犯到他们的点太多，还是挑出别人的“毛病”能让他们有优越感。（无奖问答：视频中的小pa该怎么说才能让人挑不出毛病？（周一愉快❤️papi酱的秒拍视频 ,2152406,101028,146253
2022-12-29,这年头，追客户就跟追对象一样（1） #追客户追出了恋爱的感觉# papi酱的微博视频 ,55057,1467,2408
2022-12-13,铭记历史，勿忘国耻。#国家公祭日# #国家公祭#,1723,35,155
2022-11-16,职场人的内心独白番外篇之——到底什么意思啊？总监大人！#老板的心思谁能懂# papi酱的微博视频 ,40615,1864,2727
2022-11-04,用恐怖片的方式打开购物节 #不是说好不过双十一吗# papi酱的微博视频 ,62202,3855,6581
2022-10-26,假如相亲对象的好友是HR#相亲现场秒变面试现场# papi酱的微博视频 ,74160,3967,5581
2022-10-09,“就这么着吧”“行的” 查看图片,10741,369,102
2022-10-01,与国同梦，共迎华诞。祝祖国繁荣昌盛♥️🇨🇳#庆祝新中国成立73周年#,981,37,36
2022-09-30,节前轻松一下！之papi酱的日常——办公室烂梗大赛！你们觉得谁的烂梗更烂？不会再有更烂的了吧？（国庆愉快！#首届办公室烂梗大赛# papi酱的微博视频 ,37841,1598,1937
2022-09-30,缅怀先烈，致敬英雄。,1063,12,64
2022-09-29,今晚8点30我在@云鲸NARWAL 天猫云鲸直播间体验云鲸新品J3小鲸灵，还有万元豪礼一起来抢，今晚不见不散哦～#天猫超级品牌日# ,1003,244,210
2022-09-21,本期视频灵感来源@papi酱 #到底怎么才算抄袭呢# papi酱的微博视频 ,99805,2908,7004
2022-09-19,孩子的世界是美好的、简单的，愿所有的孩子都能在爱中茁壮成长。守护孤儿，让我们用爱许他们一个温暖的童年。希望大家和我一起关注孤残儿童，一起助力#人人公益节# 。在微博做好事 @春晖博爱 @人人公益节 ,2156,255,221
2022-09-18,铭记历史，吾辈自强！,1589,42,150
2022-09-12,去年拍了没发的视频，这两天翻出来一看，嚯！跟新的一样！#当经纪公司说漏嘴# papi酱的微博视频 ,539189,28201,16419
2022-09-07,老年大学手机课2#老年人用手机行为图鉴# papi酱的微博视频 ,57847,1689,1776
2022-09-05,盼平安！,1413,52,36
2022-09-03,勿忘历史，吾辈自强！#铭记77年前的伟大胜利#,1539,52,100
2022-08-24,还是小时候好（吗？#究竟是长大好还是小时候好# papi酱的微博视频 ,47658,1825,1791
2022-08-17,他变了😢。#他变了我的世界崩塌了# papi酱的微博视频 ,176591,4391,13837
2022-08-10,老师对家长说的话（和她的真实想法#老师都是语言大师吧# papi酱的微博视频 ,50759,2113,4276
2022-08-10,相约云上北影节，和我一起看电影吧！@爱奇艺 @北京国际电影节,1634,73,4
2022-08-02,#只有一个中国# 🇨🇳,9494,517,751
2022-08-01,致敬人民子弟兵！,3110,44,145
2022-07-27,互联网的美妙之处 #当代网友吵架行为图鉴# papi酱的微博视频 ,99133,4515,8152
2022-07-27,工作小case！带娃？同样没问题！既要营养健康又要宝宝思想？作为智慧宝妈当然选择20年专注中国宝宝营养研究，突破性添加“三代OPO”的金领冠珍护。7月28日#聚划算欢聚日#，来金领冠官方旗舰店直播间网页链接和我一起从容养娃！ ,775,61,4
2022-07-22,阳光、雨露和陪伴可以让花朵绽放，但风霜、干涸和无视却可以摧毁大多数的生命，请给予孤残儿童更多关注，看一看，听一听他们的故事，你就会发现，我们所看见的“问题”，都是有“原因”的。和@春晖博爱 一起#撕掉孩子身上的标签# ，见证他们的蜕变，让他们#离幸福更近# ！@微公益 #公益海报创意大赛# ,2918,71,53
2022-07-13,当我和我的闺蜜约饭时 #当我都行遇上你定吧# papi酱的微博视频 ,50725,5735,2742
2022-07-07,友情提示：本期视频仅是一个友情提示#当代短视频观看指南# papi酱的微博视频 ,134993,4088,11315
2022-06-29,假如我是歪果仁 #假如我是歪果仁 # papi酱的微博视频 ,168641,4633,11512
2022-06-22,把钱交给妈妈——没人能拒绝的理财方式#存钱的尽头是交给妈妈# papi酱的微博视频 ,95284,4179,6290
2022-05-31,当妈前后的我判若两人 #像极了过儿童节的父母# papi酱的微博视频 ,66214,9490,73680
2022-05-26,6月1日晚19:30， 我和坚持中国宝宝营养研究20年，成就中国专利配方的金领冠在天猫#618星动夜# 一起陪你过六一哦，上手机淘宝/天猫搜索【金领冠官方旗舰店】预约直播，点击【网页链接】投票，还可以为我定制节目哦！#天猫全明星计划# ,7496,2749,1128
2022-05-25,假如明星成为了你的同事 #当明星变成你同事# papi酱的微博视频 ,79196,3170,2099
2022-05-16,那些怀疑生活故意与我作对的时刻#生活中的恼火时刻# papi酱的微博视频 ,49751,1782,1411
2022-05-13,中午12:00，一起来看#上班啦妈妈# ,2398,131,22
2022-05-12,#汶川地震十四周年# ，致敬重生。,3226,48,198
2022-05-06,卡卡的新书！！想看！,904,71,13
2022-05-05,当我参加别人婚礼时 #像极了参加婚礼的我# papi酱的微博视频 ,45189,1809,1005
2022-04-25,今晚9：00点 ，我去毛雪汪家做客啦！#毛雪汪变大型甲方吐槽大会#,1974,143,58
2022-04-23,久违的世界读书日系列来啦！今年读书日为大家带来——契诃夫的四部剧本。#读书日读什么# papi酱的微博视频 ,28466,1349,2770
2022-04-19,当大姐大来到职场 #当黑道大姐大来到职场# papi酱的微博视频 ,39475,1586,1368
2022-04-13,妈妈们的迷惑行为 #全国统一的亲妈行为大赏# papi酱的微博视频 ,93050,13512,64388
2022-04-06,//@Daghe:有能力的朋友在条件允许的情况下多帮帮忙吧！多谢多谢好心人！,1322,91,860
2022-04-06,今晚18:00，跟我一起“回家”吧 。#送一百位女孩回家# ,5837,274,72
2022-03-30,当晚会主持人做了老师 #主持人当老师有多好笑# papi酱的微博视频 ,50199,2118,3028
2022-03-27,默哀，逝者安息,3261,86,170
2022-03-16,各种类型的吵架选手#现代吵架行为大赏# papi酱的微博视频 ,81178,3999,4242
2022-03-10,老板的异想世界——完美上班族#被完美上班族吓哭了# papi酱的微博视频 ,77853,3211,5728
2022-03-04,小鹿！《女儿红》！！来了！！！,1282,66,31
2022-03-04,用创造定义价值，找到属于自己的进化方式。与我同行，尽享率性素颜之美。携手@麦吉丽MAGELINE，传递#中国女性素颜之美#。 ,11492,1000,393
2022-03-02,当代年轻人的奶茶文化#奶茶喝出了酒的感觉# papi酱的微博视频 ,145335,5723,7141
2022-02-23,我做作业时摸过的鱼 #做作业摸鱼行为大赏# papi酱的微博视频 ,49154,2986,2033
2022-02-17, ,1626,510,47
2022-02-16,虎年开工季，用@天眼查 获取更多商业信息，祝所有创业者在新的一年乘风破浪！#查商业用天眼查#,1620,622,610
2022-02-04,过年期间的内心独白（2）#像极了拜年时的我家# papi酱的微博视频 ,86751,2720,3477
2022-01-30,过年期间的内心独白（1）#拜年期间最令人疲惫的行为# papi酱的微博视频 ,147979,7056,9709
2022-01-26,我的妈妈是个老甲方（2）#当你有个做甲方的妈# papi酱的微博视频 ,56123,1266,1810
2022-01-25,亲爱的朋友们，虎年快到了，pa子为大家准备了精美的wx红包封面，有需要的家人们可在评论区自行领取。（数量有限，领完为止。 ,9591,2758,248
2022-01-20,距离虎年只有10天了，你们准备好迎接春节了嘛？免不了的过年老套路，逃不过的春节旧话题，看我跟 @天猫小黑盒 @天猫超市 年货上新季一起 #和新年套路说拜拜#,1626,130,131
2022-01-14,我的妈妈是个老甲方#当你的妈妈是个老甲方# papi酱的微博视频 ,66684,2073,3013
2022-01-07,妈妈对你的年终盘点#来自妈妈的年终总结# papi酱的微博视频 ,53685,2315,2630
2022-01-01,2022年，你们也要幸福啊！！！！！！！！//@papi酱:2021年，你们也要幸福啊！！！！！！！//@papi酱:2020年，你们也要幸福啊！！！！！！//@papi酱:2019年，你们也要幸福啊！！！！！！！//@papi酱:2018年，你们也要幸福啊！！！！！！！,31022,1352,4488
2021-12-31,shall的shall的,2230,62,85
2021-12-29,距离2022年双11只有xxx天了！你，准备好了吗？#购物节套路有多卷# papi酱的微博视频 ,65854,2597,3589
2021-12-23,与理发师的心理战#我为了拒绝办卡有多努力# papi酱的微博视频 ,141087,5416,3029
2021-12-13,勿忘历史，捍卫和平，吾辈自强。,1892,53,113
2021-12-04,职场人的内心独白lll #职场人的内心独白# papi酱的微博视频 ,98860,3692,6975
2021-12-02,#小朋友是否有很多问号#  我在「新浪新闻·#阅见信箱#」里抽到了晓钰小朋友的问题：为什么鲨鱼总是掉牙？我想对她说：真的吗？？我不知道啊！！所以你看，大人也不是什么都知道。有哪位小朋友可以告诉阿姨这个问题的答案吗？点击抽取并回答留守儿童的疑问和我一起聚焦留守儿童群体，用爱和知识陪伴他们成长吧 ...全文,1193,99,11
2021-11-24,如何做一个“内心强大”的人？#素质见底行为大赏# papi酱的微博视频 ,70103,3320,5324
2021-11-17,你离爆款新闻就差一个标题☝️#离谱的新闻标题# papi酱的微博视频 ,90704,2339,2587
2021-11-03,我上学期间遇到过的奇怪老师。 papi酱的微博视频 ,68461,2513,2272
2021-10-21,有些人面无表情时，情绪已经走了两公里。 papi酱的微博视频 ,107057,4363,4817
2021-10-01,祝福祖国生日快乐🇨🇳,2249,73,96
2021-09-18,缅怀先烈，吾辈自强！,2808,69,224
2021-09-15,papi酱不定期更新的日常——距离上一次月饼测评又过去两年了！今年的月饼节，办公室的小伙伴每人带来了一两款自己感兴趣的月饼，由非专业月饼品鉴师pa子为大家评测一下各种正宗不正宗的月饼！不知道有没有你喜欢的月饼呢？（不出意外的话下次月饼测评将在2023年见面！到时候再见！（提前祝大家中秋节快 ...全文,42121,8692,5472
2021-09-05,很荣幸成为95公益周•公益推广大使以及@中国扶贫基金会 童伴计划项目爱心大使。作为母亲，我深知陪伴对于小朋友的重要意义，每一位小朋友都值得拥有温暖的爱与陪伴。9月5日，上淘宝搜#95公益周# ，和我一起用爱陪伴乡村留守儿童 ,3887,661,342
2021-09-02,残奥冠军苏桦伟和妈妈的故事,3508,85,162
2021-09-01,令人崩溃的语音通话（就不能打电话吗！啊？！ papi酱的微博视频 ,51574,3141,1938
2021-08-26,熊孩子开学前的心理活动 #当代熊孩子开学现状##开学重启计划# papi酱的微博视频 ,73973,2381,2423
2021-08-15,铭记历史，勿忘国耻，吾辈自强！,3981,82,296
2021-08-10,时间过得真快，回想起上次来《拜托了冰箱》还是上次。#拜托了冰箱# 轰趴季 ,17384,774,93
2021-08-09,papi酱的周一放送——冠军时刻 | 办公室奥运会2020延期开幕！本次“办奥会”共派出十余位打工运动员参加含贴票、甩锅、划水等在内的N个项目比赛。我们将为您带来全方位的转播，就在今晚！ #围观奥运会##办公室奥运会# papi酱的微博视频 ,60675,2366,3185
2021-07-28,缅怀逝者，致敬重生,8194,171,96
2021-07-23,用声音传递航天温度，用朗读传播航天梦想。很感激能以“航天精神文化传播大使”的身份参加@中国航天科技集团 主办的#声波里的中国航天# 公益活动。让我们一起在声波里感触航天人的光荣与梦想，在故事中奏响航天强国建设的时代强音！（戳评论区收听 ,9452,838,540
2021-07-20,扩！！,4719,104,676
2021-07-20,转发微博,232,12,47
2021-07-07,铭记这一天，悼念同胞，永怀先烈，吾辈自强！ ,2582,47,110
2021-07-03,昨天你看我看别人做家务了吗？ #做家务的男人# ,10388,459,153
2021-07-01,祝福伟大的党！祝福伟大的祖国！！,4775,85,285
2021-06-17,平平安安！顺顺利利！,4338,95,126
2021-06-15,一起来听杨老师的新歌🎵！！,3201,129,71
2021-06-11,#做家务的男人# 最喜欢看别人做家务了，让我们一起快（指）乐（指）家（点）务（点）。 ,11517,1018,368
2021-06-10,回望我的青春期，感觉自己是傻X——第二弹 papi酱的微博视频 ,65110,2670,2090
2021-06-01,儿童节快乐，多听听孩子的想法吧~ #儿童节# papi酱的微博视频 ,193919,6545,3629
2021-05-31,提问：有没有一部文艺作品，可以让papi的同事们挑不出刺儿？ papi酱的微博视频 ,459548,16296,63187
2021-05-27,传承红色基因，赓续鲁艺精神！中戏人深情祝福建党百年！#唱支歌儿给党听歌咏比赛#,2661,87,83
2021-05-22,缅怀人民永远铭记,13926,216,1317
2021-05-13,职场人的内心独白 papi酱的微博视频 ,106161,4955,10029
2021-05-12,缅怀逝者，致敬重生。,4306,69,308
2021-04-26,大家好，今天将为大家带来的是，2021赛季通勤妆容锦标赛（官方解说版）。#颜艺挑战赛# papi酱的微博视频 ,60165,2759,2553
2021-04-03,缅怀英烈，致敬英雄,6442,408,287
2021-04-01,回望我的青春期，感觉自己是傻X。 papi酱的微博视频 ,87085,3677,3881
2021-03-27,是头发茂密的我本人//@papi的小师妹:今天阴影也打太重了吧这位女士？？？,21330,1282,987
2021-03-25,#我支持新疆棉花# #华春莹说新疆棉花这么好不用是损失#,10333,334,380
2021-03-24,用选秀综艺的方式打开课堂#选秀综艺进课堂# papi酱的微博视频 ,73962,2751,3188
2021-03-19,拥抱昨天，期待明天。（不是说明天就上映的意思（4月2号上映,8468,927,791
2021-03-10,一个汉堡引发的花式蹭热点#两个人吃一个汉堡# papi酱的微博视频 ,235220,5349,6509
2021-03-08,选择自己的人生，带着光芒上场，就是#我心中的出色姑娘#！ #完美日记小细跟上场红# @PerfectDiary完美日记,8298,819,1051
2021-02-26,哎这个女的跟我有点像啊！！！哦不对，就是我。（女主竟是我自己（#明天会好的定档#,28582,2257,2033
2021-02-17, ,5834,2848,236
2021-02-08,我们为今年无法回家过年的人开发了一款游戏——心跳的回家 papi酱的微博视频 ,161363,9880,12660
2021-02-04,云拜年之即使不回家过年，年的味道始终在。 papi酱的微博视频 ,119935,5332,5745
2021-02-01,我家过年搞了个家庭版热搜 papi酱的微博视频 ,178669,3855,3469
2021-01-01,2021年，你们也要幸福啊！！！！！！！//@papi酱:2020年，你们也要幸福啊！！！！！！//@papi酱:2019年，你们也要幸福啊！！！！！！！//@papi酱:2018年，你们也要幸福啊！！！！！！！,71233,2406,7236
2020-12-31,这是我的2020视频回忆，and you? #快进2020# papi酱的微博视频 ,56804,1423,725
2020-12-23,给大家推荐一种我近期超喜欢的单品（本期视频没有广告 papi酱的微博视频 ,148667,7094,5065
2020-12-13,铭记历史，珍爱和平。,6266,177,298
2020-12-02,当生活中充满sx（缩写） #当生活中充满sx# papi酱的微博视频 ,151244,8893,6036
2020-11-10,只要努力，你也可以成为“被带货女王”（理性消费朋友们 papi酱的微博视频 ,55868,2494,2423
2020-11-10,美丽的我和可爱的崽（此崽非我崽（但是太可爱啦！,29227,938,374
2020-10-01,大家国庆快乐！月饼节快乐！,8395,465,226
2020-09-25,看了一整个春节的《夺冠》海报，到了秋天终于正式上映了！#夺冠上映#,11167,407,392
2020-09-09,作为新手妈妈，满足宝宝成长营养所需的同时，更希望宝宝顺应天性自然成长。为此，我携手更懂有机的【Arla宝贝与我】和妈妈们共勉，在育儿的道路上打怪升级。我是有机课代表Papi酱，【Arla宝贝与我】专属99有机学，一起上课吧！ ,22710,1697,912
2020-09-08,关于几个月前网络风波的正式说明。 papi酱的微博视频 ,921268,33744,52718
2020-09-07,Papi酱的周一放送——大家好，我回来了。（祝周一愉快 papi酱的微博视频 ,1282255,201886,194779
2020-08-01,🇨🇳🇨🇳🇨🇳#致敬人民子弟兵#,17816,948,447
2020-05-10,考研那会我觉得复习很累，考上研后觉得读研很累，后来视频拍多了感觉拍视频很累，拍完视频又觉得熬夜开会头脑风暴很累，熬夜习惯后觉得出差很累，适应出差后觉得还是拍戏更累，拍完戏后又觉得好像还是想视频构思比较累，等等等等。如今才发现，啥都不如当妈累。当妈最累。祝所有当妈的#母亲节# 快乐。 ...全文,1017862,44009,23545
2020-04-22,马上又是一年一度的世界读书日了，每年我们都会以视频的形式给大家推荐书籍，今年情况特殊没来得及拍视频，我感到非常骚凹瑞，但依然想给大家推荐我近一年来最喜爱的一套书——来自意大利作家埃莱娜·费兰特的《那不勒斯四部曲》。非常好看！非常好看！！非常好看！！！戳这里荐书接力赛-papi姜逸磊专场 加入 ...全文,51118,2816,933
2020-04-04,#清明追思家国永念#缅怀烈士，致敬英雄。,29457,648,609
2020-03-04,大家好，我卸货了，母子平安。啊，我可真是了不起！ ,4631415,219939,90373
2020-02-17, ,129478,11458,919
2020-02-12,//@凤凰王又又:”我想去平常的上一天班，我想平常的过一个周末，然后重新体味一下过去每一天每一天，我并没有意识到这么重要的这么珍惜的平凡的生活，是那么的重要那么的可贵。我下次还要回来，我要脱掉口罩，自由地呼吸着武汉新鲜的空气。“,12019,364,3780
2020-02-09,“大家一定要咬牙坚持住，百分百配合防控，千万不能在这时候有湖北以外的地方疫情崩盘，否则我们很难同时打赢两场大的局部战争。”,33592,795,4333
2020-02-06,#防疫行动#武汉加油，中国加油。#手写加油接力# @周冬雨 ,68297,1401,177
2020-01-25,新年快乐朋友们，祝愿所有人平安、健康。❤️ ,93417,2188,409
2020-01-24,//@自哈小队:⚠️⚠️⚠️,13478,579,2332
2020-01-21,大家注意安全！勤洗手，出门一定要戴口罩。快过年了，要平平安安的啊！,20921,569,525
2020-01-20,papi酱的周一放送——大家都知道，我怀孕了。 怀孕之后，会发生很多变化，比如说……（怀孕实在是太麻烦了！（猪年最后一期周一放送，提前给大家拜个早年啦！鼠年快乐～ papi酱的微博视频 抽奖详情 ,236131,19356,12453
2020-01-17,永远不变的“女排精神”🇨🇳,13507,161,141
2020-01-16,下周五就过年了，你妈又要嫌你把家弄脏了。 papi酱的微博视频 ,133641,7539,6933
2020-01-03,从小到大的疑问——为何只有我没文化？ papi酱的微博视频 ,161929,5260,9031
2020-01-01,#令人心动的offer#一个月的实习期结束了，最大的感受就是这8名实习生太不容易了！不过，由校园迈向职场的第一步，你们开了一个好头！恭喜邓冰莹、何运晨和李浩源成功拿到offer(敢问8位实习生有没有兴趣来这里工作？ ,40932,1964,503
2020-01-01,2020年，你们也要幸福啊！！！！！！//@papi酱:2019年，你们也要幸福啊！！！！！！！//@papi酱:2018年，你们也要幸福啊！！！！！！！,113190,5480,11866
2019-12-26,谁从小到大没碰见过几个“为你好”的同学/同事呢？ papi酱的微博视频 ,98219,4147,3199
2019-12-19,当八卦同事知道你有女朋友后 #当同事知道你恋爱了# papi酱的微博视频 ,91678,2694,1343
2019-12-18,#令人心动的offer# 今晚的话题是“该不该拒绝临时加班”？我爱加班！加班使我富有！富有使我快乐！ ,21101,1217,734
2019-12-13,#国家公祭日# 勿忘历史，守望和平,11732,398,507
2019-12-11,颜值不是失败的唯一借口，也不是成功的唯一理由。#令人心动的offer#,14381,915,842
2019-12-06,跟女朋友就像是在玩剧本杀。#谈恋爱就像玩剧本杀# papi酱的微博视频 ,109755,5834,2239
2019-11-25,//@papitube:希望更多人可以远离悲剧。#面对家暴不再沉默#,115299,4272,8826
2019-11-22,小小的眼睛里有着大大的疑惑 #明星大侦探#,17508,1325,637
2019-11-21,教学向：#朋友圈花式秀加班# ，你学会了吗？ papi酱的微博视频 ,126694,5232,4804
2019-11-20,自从第一次见到她，我就知道，她，就是那个人！果然，无论是她辩论时，那快速飞转的大脑，那脱口而出的逻辑，那自信从容的笑意，都验证了我的猜想。啊，她是多么的耀眼夺目，多么的机敏过人，多么的努力坚持。在每个深夜的电脑前，那闪耀的光芒，不知道来自于电脑屏幕，还是来自于她本人。如同她的 ...全文,38834,1235,206
2019-11-18,哈哈哈哈哈哈神经病啊！！！（建议投放电梯间循环播放,24428,1190,1755
2019-11-14,papi酱不定期更新的放送——论父母的日常双标之，当他们是父母时vs当他们是爷爷奶奶/外公外婆时。（ps.片尾有一个小小的官宣。 papi酱的秒拍视频 ,1430325,109963,92719
2019-11-13,小时候以为只要把书本背熟考高分就万事大吉了，后来才发现从理论到实践、从个人到团队，每天都有新东西需要学习，这些职场经验成就了今天的自己。你们听到的#最受用的职场建议# 是什么？#令人心动的offer# ,31269,987,385
2019-11-08,Papi酱不定期更新的放送——这些年，我与双II的，爱恨纠葛。她，充满诱惑，她，复杂迷人，她是一个让我的余额瞬间崩塌的女人。她，就是双II。（祝大家周五愉快！双II战斗顺利！）papi酱的秒拍视频 抽奖详情 ,197397,27828,22683
2019-11-04,周一都来了，周五还会远吗？#明星大侦探# ,62321,2752,1223
2019-10-30,对职场新人来说，每一份#令人心动的offer# 都是人生的一个岔路口，走这条或那条，结局或许大不同，对此，我的选择是：不如用试错去寻找正确答案。#offer初pick# ,16935,1270,727
2019-10-29,如果医院每年也做莫名其妙的盘点 papi酱的微博视频 ,103850,5237,4295
2019-10-24,在作为“papi酱”被认识之前，我曾经历过很长一段漫无目的、浑浑噩噩的日子。然而顺利也好，困难也罢，独一无二的经历让我变成了更好的自己。还记得你们#初入职场的样子# 吗？什么是你们最#令人心动的offer# ？ ,49541,2380,898
2019-10-16,当奇葩同事知道了你的微博账号后。 papi酱的微博视频 ,186500,11294,15931
2019-10-06,当你在父母面前不小心说了脏话 papi酱的微博视频 ,203631,6824,3993
2019-10-01,祖国万岁🇨🇳！,22302,294,1359
2019-09-27,1949到2019，几代人见证了共和国70年的光辉岁月，为祖国骄傲❤️祝祖国生日快乐❤️,13226,193,808
2019-09-23,Papi酱的周一放送——假如游戏课计入高考成绩，那你翻身的日子就来了……吗？（有好多人都说，要是考试考游戏，他就一定能碾压那些学霸，清华北大随便挑了。然而事实真的是这样吗？（祝大家周一快乐！新的一周也要努力（等待国庆假期）哦！papi酱的秒拍视频 ,167847,26041,33966
2019-09-20,全新一代控油洗面奶，专为部分男明星设计 papi酱的微博视频 ,73344,2460,1452
2019-09-09,papi酱的周一放送——这个秋天，108名来自全国各大中小学校的精英教师，将角逐站在这个讲台上的资格。最终，将选出9名教师成团，全国巡讲。最终谁将C位出道？请观看视频！为你喜欢的老师投票加油！（明天就是教师节，祝各位老师节日快乐！  papi酱的秒拍视频 抽奖详情 ,148369,9592,10478
2019-09-06,papi酱不定期更新的日常——距离上一次月饼测评已经过去两年了，今天假美食测评博主pa子再一次冒着长胖的风险，为大家带来《月饼测评2019》。希望大家都能找到自己的有缘月饼！（本期视频里的点评都是我纯主观的感受，有不服的话，先给您道歉了！！（提前祝大家月饼节快乐！ papi酱的微博视频   ...全文,87433,21200,10401
2019-09-05,我觉得姜女士说的对！,20928,1254,596
2019-09-02,papi酱的周一放送——“我们又吵起来了”之中秋吃月饼到底该选什么口味的？到底哪种口味的月饼才是中秋月饼之王？关于这个问题，我们又进行了一场有礼貌的吵架！（这场吵架，期待你的参与！（我们办公室是真的喜欢吵架（周一愉快哦！ papi酱的微博视频 ,98472,9719,4158
2019-09-02,时尚达人pa子为您介绍一款今秋时尚单品——糖果耳环Before：一张平平无奇的糖纸。After：纯手工制作全球限量仅此一份的糖果耳环。#相信小的伟大#，让好事发生，和我一起#BA挑战#吧！ ,25083,1921,1222
2019-08-30,一场说走就走的旅行，一份不期而遇的开除名单（误（我也想去娃儿( ̥́ ˍ ̀ू ),12616,2370,1147
2019-08-23,在夏日，精致都市丽人和吸血鬼是一样的。 papi酱的微博视频 ,62698,1828,1032
2019-08-22,开心，我最喜欢看别人谈恋爱了！,39508,1937,255
2019-08-21,小咪今年8岁，大咪今年10岁，换算成人类的年龄，他们已经步入中老年。大咪是朋友花30块钱买回来的，和老胡看对了眼，成为了我们家的一员。养了大咪两年后，我们怕他孤单，又从网上领养了小咪。小咪刚到家的时候，我们准备了幼猫专用的食品用品，但是小咪直接吃起了大咪的猫粮、用起了大咪的猫砂盆。看 ...全文,133779,7649,2704
2019-08-16,请问，到底是谁打的小报告？ papi酱的微博视频 ,159279,4705,2234
2019-08-14,转发微博,18311,663,553
2019-08-10,扩散！,16402,343,936
2019-08-09,吃饭时的哪种行为你最讨厌？ papi酱的微博视频 ,202994,11514,6429
2019-08-07,在我们上班族眼里，没有七夕，只有周三。 ,110490,3224,2297
2019-08-04,我是护旗手🇨🇳//@何炅:我是护旗手！,34986,842,3406
2019-08-02,住院时发生的尴尬事一则。 papi酱的微博视频 ,349001,12340,5239
2019-07-28,男生打伞也挺好啊（要不要试试大小咪的伞？（此老胡非彼老胡,23040,862,1053
2019-07-26,papitube三周年快乐！勿忘初心，自由自在！,23210,717,409
2019-07-24,《闺蜜聊天宝典》你学会了吗？ papi酱的微博视频 ,228359,18024,9466
2019-07-17,见到明星的你vs见到普通人的你 papi酱的微博视频 ,150079,5701,3783
2019-07-10,毕业十周年快乐～🎉🎉🎉,102072,3767,841
2019-07-08,papi酱的周一放送——最近的综艺节目真是太多了！！多到追不过来！！来不及看综艺又想参与同事间的综艺聊天？这时，你就需要这样一款APP（伪），帮你提炼综艺重点，让你轻松应对每一次的闲聊。（万事俱备就差开发了，如有意向请来电洽谈！！（周一愉快❤️ papi酱的秒拍视频   ...全文,191079,19055,12383
2019-07-05,我不买，我就随便看看,31836,1570,2759
2019-07-03,微信好友册封大典 papi酱的微博视频 ,187014,5334,2938
2019-06-25,//@央视新闻:#女孩遭男子殴打拖行#【事发地点或为大连 警方正在核实！关注！】有媒体消息称，事发地点或为大连，大连华东路派出所民警称，22日凌晨苍山路，确有一名女子被打的警情。该媒体记者通过监控比对发现，现场的地砖等细节均高度一致。目前，警方正在核实。@中国警方在线,16676,759,1804
2019-06-16,p1是我妈的手机屏保。p2是我爸的手机屏保。啊！父爱如山！祝父亲们节日快乐。 ,257633,6780,2101
2019-06-15,拍摄短视频很多年了，从最初的质疑不断到如今的坚定向前。很多人问我，拍摄短视频能否当成一份事业去热爱呢？在我看来，职业不分贵贱，只要我们不忘初心，不断学习，每份工作都有价值。 ,29009,1391,521
2019-06-05,每年都要吵的几架之——到底吃什么口味的粽子？（中秋节我们打算就月饼口味继续吵 papi酱的微博视频 ,196345,14046,5130
2019-06-03,papi酱的周一放送——这位顾客您好，今天想来买点什么？要不要看下本季最新到货的，教辅材料？（祝愿即将高考的的学子们考出自己理想的成绩~（已经通过高考的也可以继续做题，重温高考，回味高考哦~papi酱的秒拍视频 ,268884,30070,24837
2019-06-01,刚看了眼#乐队的夏天# ，九连真人也太炸了嗲儿,15148,756,1386
2019-05-29,粉丝都是双标的。 papi酱的微博视频 ,171448,16306,31330
2019-05-29,已经是和老胡领证的第五年，今晚在#拜托了冰箱# 会继续为大家送上我和老胡的无聊故事，大家记得看咯～ ,87866,3602,1958
2019-05-28,喜欢权游的一定要看这个视频！！,9573,911,3464
2019-05-21,远离这些人，幸福100分。（问：最后那个电话是谁打来的？ papi酱的微博视频 ,86555,6093,5081
2019-05-14,这个视频里的小咪，有1、、可爱,21941,1796,1590
2019-05-12,大家好，“歌手”papi酱为您半夜送喜讯。昨天的歌《我妈爱say no》上架了😳欢迎歌迷朋友们为我打榜！！谢谢大家！！祝各位妈妈们母亲节快乐哦～（ 其他平台也将陆续上架～QQ音乐 我妈爱Say No酷狗音乐 我妈爱Say No酷我音乐 网页链接 ,32933,2465,1278
2019-05-10,papi酱突然更新的放送——我妈，极其擅长说“不”，这也不准吃，那也不准玩，不要你送的礼物，不喜欢你听的歌。谨以此歌，献给我们爱说“no”的妈妈。（马上就要母亲节了，祝所有妈妈母亲节快乐~（欢迎我的歌迷朋友们给我打榜谢谢！（周末愉快啦～#我妈觉得不行#  papi酱的秒拍视频 ,474611,86339,107994
2019-05-09,？今天不是周五？？？  ,55619,3951,2701
2019-04-29,上海话的迷惑  ,54334,3793,4757
2019-04-27,加油啊🐑想看🐑🐑🐑🐑🐑,7144,678,439
2019-04-26,像很多人一样，在追梦的道路上我曾经也迷茫过。如今，经历的坎坷变成了创作的素材，我才明白，我们经历的一切都有存在的意义。即使未来会面对更多难题，我将铭记，我的初心一直在这里。#新青年耀青春# 我是papi酱，#我宣誓你接力# 百年传承，今日到我；激荡未来，壮志在我；青春万岁，强国有我。 ...全文,33637,2094,1233
2019-04-24,这些年来给大家推荐了很多优秀的戏剧作品，不知道你是否在坚持读书呢？#全民读书季# 为好书而读。我是@国家图书馆 今日全民读书推广特使，戳这里→全民读书季-papi酱专场 加入我的读书小组，我们一起感受阅读的力量！ ,14863,1386,762
2019-04-22,papi酱读书日特别篇——马上又是世界读书日啦！继过去几期莎翁悲剧、古希腊悲剧、曹禺正剧之后，我们今天为大家带来的是四部荒诞派戏剧代表作！真的很荒诞！完全看不懂！（明年读书日再见！❤️#全民读书季#@国家图书馆 papi酱的秒拍视频 ,57543,21348,15203
2019-04-16,我们05后都是这么可爱,11208,2214,1314
2019-04-15,我司男性疑惑之——女生为什么喜欢尖叫？  ,30403,2669,692
2019-04-10,问，为何我司上班时间没人工作都在吃？！//@霍泥芳霍主任:转+评 原微博，揪2个siǎo吃货，一人送一个papitube同款围裙～这围裙估计是绝版，之后有可能不做了,7692,450,229
2019-04-10,我讨厌春天  ,42212,3025,1902
2019-04-09,一个迷思🤔️  ,55297,3138,1274
2019-04-03,你妈也是这样吗？  ,51417,7155,2195
2019-04-02,👏🏻👏🏻👏🏻,19889,758,2671
2019-03-27,有人遇到过这样的傻X老板吗？  ,50118,2060,1428
2019-03-18,请原谅你身边有起床气的人  ,53823,5349,4928
2019-03-14,papi酱不定期更新的日常——老胡二三事之第三弹。好久没跟大家唠老胡了，今天趁着白色情人节，来唠2块钱的。（白色情人节快乐啊！（我不过节的，我加班（周末愉快哦～❤️ papi酱的秒拍视频 ,253978,23385,26434
2019-03-13,瘦子的痛苦谁能懂？反正我不懂。（此老胡非彼老胡,15646,2031,2619
2019-03-13,在我做视频的这些年里，我遇到很多的困难，也经历过很多的挫折，我始终觉得，只有把视频的内容做好，是对看我视频的朋友最大的尊重。时间流逝，氧化了很多东西，但是初心依旧，我的热情就不会消散，年轻是什么？是一个数字吗？我觉得不是，只要一直源源不断保持着一种蓬勃向上的精神，我就觉得我一直年 ...全文,26450,6768,2806
2019-03-09,如果你问我，这两年我是怎么支撑起繁重的工作，我会告诉你，我有我的底气。内在靠自己，外在靠@MaxFactor蜜丝佛陀 美出我底气。「努力」、「天赋」、「挑战」就是我的底气关键词，那么你的关键词是什么呢？底妆专家蜜丝佛陀超硬核的底妆产品烟酰胺粉底液、闪耀小白盒，让你养肤润燥，实力持妆，光感 ...全文,17669,4037,1465
2019-03-08,papi酱不定期更新的日常——很久没拍日常啦，今天借着三八妇女节和大家聊聊天。想对所有的妈妈们（和爸爸们）说： 你们的幸福和快乐并不应该100%来自子女，你自己的感受，很重要。我们爱你们，所以希望你们能为自己本身而快乐。（祝所有女儿们和妈妈们节日快乐哦！papi酱的秒拍视频 ,336919,28445,56795
2019-03-01,你们对小咪是真的有滤镜啊！她都这样了你们还能夸可爱啊？！？！怎么没有人夸她的主人啊！她主人才是真的好可爱好可爱啊！！,16173,1276,909
2019-02-25,papi酱的吸猫放送——我的妈妈，在语言表达上，“天赋”异禀。随便几句话就能把我说的欲哭无泪 。你还记得被妈妈的话语支配的恐惧么…（猪年第一更，给各位拜个晚年！（新的一年也要对爸妈的健康心里有数哦！ papi酱的秒拍视频 ,101450,23344,20017
2019-02-17, ,99105,12158,2512
2019-02-14,在我们上班族眼里，没有情人节，只有周四。 ,85178,3554,2126
2019-02-07,一个红包的流浪，总有中间商赚差价  ,39648,1402,758
2019-02-04,给大家拜年了——今天就是大年三十了，新的一年里在此恭㊗您 除夕🍚 ㊗您团聚香甜🍲  初一🌸 ㊗您喜庆新春🌸  初二💰 ㊗您福贵🈵 堂💰  初三✨㊗您福慧双增✨ 初四🍊 ㊗您大吉大利🍊  初五💹 ㊗您🈵 载而归🎁  初六🌺 ㊗您春风🈵 面🐷  初七㊗🎂 您天天快乐🎂  初 ...全文,49937,2651,451
2019-02-03,Papi酱春节五天乐——“来就来嘛，还带东西！”可是大过年的走亲访友怎么能空着手？大礼包保健品都太普通，女明星这次为大家带来了一首她的新歌，希望大家会喜欢。#春晚# （本期是春节五天乐的最后一天，祝大家新年快乐啦！猪年再见❤️ papi酱的微博视频 ,95976,10233,11463
2019-02-03,你们玩得好开心呢！邮轮看上去好棒呢！食物看上去都好好吃呢！那时留在北京加班的我也很开心呢 #年前集体离职#,11323,514,283
2019-02-02,Papi酱春节五天乐——有这么一个人，她在哪里，记者就在哪里，她就是“女明星”，所以女明星过春节大概是这个样子的吧？（其实我们每个人春节回家都像是开了一场记者招待会，亲戚们和记者们的问题也都差不多，那就请大家把自己当成明星，宠一下你们的亲戚“粉丝”们吧#春晚# papi酱的微博视频 ,61391,5031,3044
2019-02-01,papi酱春节五天乐---春节期间，欢声笑语，其乐融融！可关于亲戚间收发红包的诈骗事件却屡屡发生！如何在春节期间保证红包的正常收取，本期视频即将为您敲响新年的第一个警钟！！！#春晚# （这是五天乐的第三天，还有2天 papi酱的微博视频 ,63444,8770,6045
2019-01-31,papi酱春节五天乐——春节是一个喜庆的节日，可是，总有一群返乡的年轻人与这份喜庆格格不入，他们用尬聊和假笑伪装着自己……视频中的这位青年叫小pa，让我们走进她的内心世界。（关爱返乡青年，从你我做起（这是五天乐的第二天，还有三天 papi酱的微博视频 ,94612,14702,14828
2019-01-30,哎呀3000万粉丝了，那么...大家有什么福利想送给我吗？ ,86583,87943,31519
2019-01-30,papi酱春节五天乐——过年最盛大的活动就是走亲戚串门了。如何在走亲戚的过程中做一个大家都喜欢的好亲戚呢？本期视频我们将共同学习过年期间的行为规范，让我们，做文明人，串文明门，当素质亲戚，过欢乐春节！#春晚# （这是五天乐的第一天，还有四天 papi酱的微博视频 ,102371,16423,22636
2019-01-28,papi酱的周一放送——快过年了！欢迎收看《姜家又一年》，我们陪您，过！大！年！！今天的节目中，我们将和您一起探秘姜家联欢会的彩排现场，更有联欢会节目单惊喜曝光，大家千万不要错过哦~（给大家拜个早年，春节快乐！ papi酱的秒拍视频 ,137318,50468,33669
2019-01-25,我的专属#发财扭蛋机#上线了，我在扭蛋机里放进了专属祝福，祝你新年【发财】~集齐9款不同扭蛋，除夕还有机会赢2019元超大红包哦~快来召集小伙伴一起玩吧！@让红包飞 发财扭蛋机 ,14740,798,513
2019-01-05,布小谷加油！周冬雨加油！期待今晚你们二人的表现！,13763,748,629
2019-01-04,好看的内容源自有趣的灵魂，1月11日，2018#微博之夜#，和我一起发现更多精彩@微博之夜 ,26478,799,187
2019-01-01,2019年，你们也要幸福啊！！！！！！！//@papi酱:2018年，你们也要幸福啊！！！！！！！,78473,3152,14210
2018-12-31,憋说那些没用的，快请客快请客快请客快请客快请客快请客,24437,1348,1130
2018-12-29,察觉时，我发现自己不再年轻了。（papi酱2018年的最后一个视频，来聊聊天吧（2019年再见，提前给您拜个早旦！假期愉快❤️ papi酱的秒拍视频 ,210970,112730,84906
2018-12-25,转发拉低中奖率,7403,1197,1222
2018-12-19,🐴给各位奶茶女孩！//@papitube:想对先森说一句，来北京给小布布做一杯吧papitube#papitube美食#,9365,561,3138
2018-12-18,因为专业，所以精彩。12月23日我在微博视频生态论坛等你哟~#视频V势力##花样追大V# 戳此接听你爱豆(我)的电话→ 爱豆来电话啦！ papi酱的微博视频 ,12153,688,970
2018-12-13,铭记历史，守望和平,11075,171,613
2018-12-11,前两年，我还是3米20岁，就是隔着3米看我，以为我20岁。这两年，隔着屏幕都没有人相信我20岁了。30岁真的是一道坎，过敏很难好，细纹越来越多，护肤品用得也比以前快了。最近芳芳给我带来了胶原蛋白，半年后我又是一位5米20岁的少女了！（目测霍泥芳将在10秒内赶到评论区(￣ー￣) ,44864,7365,12109
2018-12-10,papi酱的周一放送——这期视频我们拍了N个“广告”，取材来源于我的亲身经历，但高于亲身经历，如有雷同，那我们可能碰到的是同一个客户吧哈哈哈哈（这个视频拍完将近2个月，原本指望哪家毛巾客户投个广告就存着没发，难过（好久不见，甚是想念，祝周一快乐❤️papi酱的秒拍视频 ,65674,19315,12776
2018-12-08,支持曹导，支持《狗十三》//@赵薇:支持导演，超期待！《狗十三》,6731,383,285
2018-12-06,#12.12为生活加点儿电# 这几位朋友，平时看不出来啊，竟然有这么多神仙操作……,6000,1597,1576
2018-12-06,大浪逐新，致敬影响力，新浪20周年快乐～未来的日子，也让我们一起努力吧❤️,31563,1885,1587
2018-12-04,我妈，带着对女儿的心疼，走进了KTV的大门😭（希望所有父母们都能这样，有自己愉快独立的生活，这样我们做子女的也会更安心。 ,113610,5543,3236
2018-11-30,我本科毕业9年搬了6次家，每次都是一个新的开始，加油（此老胡非彼老胡,16097,1170,1256
2018-11-30,燃点🔥来了（1.11见,5365,364,279
2018-11-26,pcpi不是我啊朋友们。。。 ,32497,3549,366
2018-11-21,刚！！！,32895,588,548
2018-11-05,papi酱的周一放送——马上又是一年一度的双拾壹了！网购战争即将打响！这是对头脑与手速的双重考验，这是策略与耐力的深刻较量！你，准备好要血拼了吗？冲啊！（祝大家周末买得开心！ papi酱的秒拍视频 ,104988,54821,32846
2018-10-30,支持《唐砖》支持晓龙老师！我追剧去辣！,5649,314,108
2018-10-29,papi酱的周一放送——作为医院的常客，我发现很多时候大夫和病人的关系，很像明星与粉丝的关系！于是有了这期“姜大夫！看看我吧！！”的脑洞小剧场！（祝大家一周&周一愉快！身体健康！ papi酱的秒拍视频 ,117432,27459,21499
2018-10-22,很久很久以前有一个美少女（我），在某个星期一的早晨，美少女（我）收到了一份魔法礼物，从那天起，那位少女（我）时而美丽动人、时而聪慧过人、时而可爱迷人、时而发出感叹：多几个摄像头拍照就是不一样！！！希望大家都能收到“全球首款滑屏手机”荣耀Magic2这样的礼物！！ ,51471,17863,7727
2018-10-18,有趣！谁来买一下舒惠的版权？,15547,1182,1607
2018-10-16,#1022京东电脑数码超级粉丝日# 数码狂热粉の追星现场,10866,2114,1391
2018-10-15,papi酱的周一放送——本期视频讲述了一个一波三折、起伏跌宕、悬念迭出的无聊故事（彩蛋有神秘人物（祝大家一周&周一愉快❤️ papi酱的秒拍视频 ,144211,28139,33602
2018-10-10,焦女士摄影作品 查看图片 //@焦俊艳:我和我姐们儿，很有纪念意义的一次拍摄，开熏。,18685,866,357
2018-10-05,今晚的#奇葩说#大家看了吗？“键盘侠是不是侠”并不重要，重要的是不要为了在网上发泄自己的情绪而伤害到别人。如果大家都能在#打字之前想3秒#，也许这个世界上就能少一些键盘侠吧？再次祝大家国庆（在家上网）快乐！ ,58229,2413,630
2018-10-01,我从gif中听到了吵闹的猫叫（祝大家国庆快乐！！,14244,562,626
2018-09-29,本来是抱着见见世面的态度去的#奇葩说# ，没想到被@马东  问了几个问题之后就感觉自己智商不够用了，我到底胡说八道了些什么你们都别告诉我。我只想说，马还是老的辣。（我今晚断网，请不要联系我  奇葩说第5季之臧鸿飞首曝离婚净身出户 papi酱收入竟是老公十倍 ,15483,914,344
2018-09-26,papi酱突然更新的放送——我出门了！这次去了一个特别的地方，先睹为快地看了即将上映的《影》，随后见了一位特别的人！那个人是谁呢？大家猜一下吧！（是张艺谋导演 papi酱的秒拍视频 ,93056,9062,7788
2018-09-22,猫型拖拉机,12631,649,535
2018-09-17,papi酱的周一放送——秋意渐浓，追剧甚欢，不禁开了个脑洞：职场如后宫，一入深似海！职场上的勾心斗角、尔虞我诈你见过吗？（最近更新这么勤，大家开不开心？为自己鼓鼓掌👏祝大家周一快乐！  papi酱的秒拍视频 ,150078,41212,33251
2018-09-11,拥有了小8和大8的姜女士过上了幸福快乐的生活。如此超高屏占比、超级性价比的荣耀8X和8X max，你不来一台吗？（7号的视频还在抽奖哦嘿嘿嘿嘿嘿嘿,11246,1986,705
2018-09-10,papi酱的周一放送——pa老师的小课堂又回来了！同学们，你们知道什么是ky吗？上好今天这堂KY课，老师保你以后出门不怕没人揍你！（今天是教师节，祝老师们节日快乐！（祝大家出门不要碰到KY papi酱的秒拍视频 ,74589,9195,8533
2018-09-07,大家好我papi酱又回来了！！——对于现代人来说，手机天天被我们捧在手心里，与我们的亲密程度，堪比我们的孩子！如果有一天，我的手机不见了……QAQ（大家好久不见啊！祝你们周末愉快！papi酱的秒拍视频 ,193276,129905,88054
2018-08-31,嘿嘿嘿嘿嘿(//∇//),32898,2669,933
2018-08-17,这是老胡今年送给我的结婚纪念日礼物。这是自行车头套。祝大家七夕快乐。 ,234011,16024,2226
2018-08-09,没有办法，我就是这么强大！,30474,1302,695
2018-08-07,转需（来自被小咪咬过无数次的我,21506,1665,7862
2018-08-03,围观神仙化妆（欢迎宇芽加入papitube！！//@papitube:给我们papitube的仿妆蒙娜丽莎大神@宇芽YUYAMIKA 打call看看她还仿妆了谁？,15778,795,866
2018-08-01,不要再喵喵喵喵喵喵喵喵喵喵喵喵喵喵喵喵喵喵喵喵喵喵喵喵了！！！！！,27482,1195,854
2018-08-01,致敬中国军人🇨🇳,47706,655,1647
2018-07-27,“今天的天气也太适合在家睡觉了吧。”每一天的我都这样想。 ,96807,5168,1676
2018-07-23,papi酱的周一放送——要在炎热的夏天，做一名精致的都市丽人，真、的、很、麻！烦！入伏之后实在是太热了，可我们依然要保持自己的精致不动摇。（但我最近开始动摇了（夏日威胁了我的精致（大家周一快乐哦！请注意防暑防晒！papi酱的秒拍视频 ,185742,43308,30960
2018-07-22,//@何炅:除了一查到底，也希望有专家能给出补救方案，如果是打了造假疫苗该怎么做？？？,23190,1320,1672
2018-07-19,前两天，我怀着愉快的心情去了重庆。 papi酱的微博视频 ,158008,21535,9047
2018-07-11,是什么！让宅出了风采的我走出了家门？是金色的BMW X2！和现场好喝的咖啡！参观BMW X2快闪体验店的我依然很美！也只有X2这种颜值的朋友敢和我合影了！#反其道而型# ,25353,2297,1573
2018-07-09,各种人的游客照了解一下  ,136726,8346,6375
2018-07-06,papi酱突然更新的放送——你妈永远是对的，女朋友永远是对的，裁判永远是对的！那么让永远占理的人都去当世界杯裁判会是什么样的呢？（祝大家周末愉快！一起看四分之一决赛！  papi酱的秒拍视频 ,185515,34391,28405
2018-06-28,前几天和团队一起去度假，一到，我们就架起烧烤架开始露天烤海鲜。吃完烧烤，所有人身上又是汗味又是油烟味，只有美丽的我依然香喷喷，这都归功于霍主任送的衣服香水，飞行6个小时依然香气不减。 于是同事们拍桌而起，拿走了我唯二的2瓶留香珠：）谁能帮我艾特一下品牌，催一下他们赶紧帮我发货！ ,41721,8299,3041
2018-06-19,papi酱的周一放送——我们女人都超爱世界杯，真的很爱世界杯，即使不看球，我们也非常热爱世界杯！（今天是MC papi！（本期视频很土酷（我知道今天是周二，但是对于我来说工作日的第一天都算周一QAQ  papi酱的秒拍视频 ,215858,44294,82833
2018-06-14,papi酱的吸猫放送——脑洞小剧场：如果面试官和各种职业混搭会是什么样的呢？试问，谁不想碰到这样的面试官呢？！（提前祝大家端午节快乐！  papi酱的秒拍视频 ,165366,43257,47306
2018-06-12,get梅西同款纯甄酸奶，是不是四舍五入等于我进世界杯了~ 查看图片,9149,327,189
2018-06-04,papi酱的高考特别篇——还记得被教辅资料、全真题支配的恐惧吗？！致那些年我们一起做过的题！！（祝考生们以轻松的心态迎接高考！取得理想的成绩！ papi酱的秒拍视频 ,139681,17488,15768
2018-06-01,papitube“小”家庭和签约博主们一起成长，两岁已经不“小”了！！却亲密如初，初心如旧！（p图只p自己的事情我们从来不干！美图T9智能摄影师，拒绝塑料情！ ,90616,6411,2175
2018-06-01,papitube两周年了，感谢那么多优秀的作者加入我们这个大家庭，也感谢所有一直支持着我们的粉丝，因为有你们的存在，我们才能越来越好。爱你们！！,20812,395,218
2018-05-31,papi酱的吸猫放送——好久不见，pa老师的恋爱课堂开课了！谈恋爱难吗？谈得好的都不难！谈恋爱的重点、难点、易错点到底在哪里？女朋友问你的这些问题，到底怎么回答？都给我好好听pa老师讲课！！（明天就是六一儿童节了，相信依然会有人过成情人节。  Papi酱的秒拍视频 ,215573,92979,70925
2018-05-23,我们papitube两周年啦！！视频里有多少个你眼熟的博主？？#papitube#,18218,1009,435
2018-05-12,//@系录芥末_通贩看置顶:十年了🙏//@巧妙学英文:🙏,32700,381,3528
2018-05-04,捡橘猫前一定要做好心理准备...//@papi家的大小咪:加油！你们也会有猫的！！,18568,701,3239
2018-05-03,后天19:00网络青晚见 ~,7743,274,98
2018-05-02,那个...7天以后不做会反弹吗？ //@papitube:好神奇啊！今晚就试试看,24551,1946,6763
2018-04-30,papi酱的周一放送——欢迎收看今天的《姜家新闻》，本期节目的主要内容有……如果每个家庭都有自己的电视台，每天都有这样一档新闻节目，专门报道家庭成员的小事、琐事、身边事，一定会非常有趣。（周一快乐！五一快乐！❤️papi酱的秒拍视频 ,173463,45177,33816
2018-04-26,我的“理想型爱人”长这样，果然就是老胡本胡了。人们常说不同的选择会带来不同的遇见，而对的那个人总会在那里等我（比如老胡），这是30岁的我发现的生活真相之一，and you？戳这里网页链接，看看你将会遇见谁吧！无论遇见谁，都先来#天猫小黑盒#遇见怡丽丝尔眼唇霜吧！ ,19960,3049,873
2018-04-23,papi酱的周一放送——又是一年一度的世界读书日啦！过去我为大家介绍过四部莎氏悲剧、四部古希腊悲剧，今年为大家带来的是——中国剧作家曹禺先生的作品！（时间有限，视频里很多细节我们交代得不清楚，有兴趣的朋友们还是推荐读一读原著啦~（明年读书日见！❤️  papi酱的秒拍视频 ,132658,22300,21516
2018-04-20,#21岁的我#和我的同学们，各自怀揣着梦想，还不知道前路有多少艰辛。如今这些人中，有的成了导演，有的成了演员，有的改了行，而我，成为了一个拍短视频的创业者。不过，其中有一位同学成就最高：成为了我的丈夫。我们都在实现梦想的路上努力前行。那么你呢#新青年#？ 21岁，你在干什么？ 查看图片,16487,2427,438
2018-04-19,没想到有一天我也会有我的特别定制！！哈哈哈哈哈！！蜜丝佛陀#蜜吻小海绵#4.19唯品会了解一下！四舍五入等于不要钱！和我一起#释我的唇色#！,22321,1137,1375
2018-04-16,papi酱的周一放送——我们的妈妈们，总是对吃，有着一股异于常人的执念。在你妈妈眼里，你吃的东西都是垃圾！乐色！rubbish！只有妈妈做的饭才是好单纯、好健康，跟外面那些添加剂防腐剂地沟油完全不一样！（吃了十年外卖的我突然觉得确实是家里的饭比较好吃（周一快乐！❤️  papi酱的秒拍视频 ,226542,96525,63869
2018-04-11,大家一定要保护好自己啊！,39740,2709,4623
2018-04-10,快来报名参赛吧！代表中国青年，向世界发声！我在这里等你！,11692,544,132
2018-04-09,papi酱的周一放送——今天是一个特殊的日子，我们的爱豆pa酱，被对家pi酱的粉丝黑了！我们要为pa酱，打一场大胜call！（珍惜爱豆，理智追星！祝大家都能获得love&peace～（我回来啦！周一快乐❤️  papi酱的秒拍视频 ,187308,111558,84665
2018-04-08,明天18点准时上新 。不对，更新！明天见啦～ ,32320,1562,147
2018-04-04,北京大雪，我带你去浪漫的绿幕玩 查看图片,63147,1505,211
2018-03-16,周末好！大家好久不见～我知道有很多人在催更，所以，你们听我解释！是这样的，我前些日子身体抱恙，去做了个小手术。手术很成功，现已恢复至八九成，很快我们就又能见面啦！感谢大家这些日子的关心、等待&催更，我无时无刻不在思念你们！最后，大家都要注意身体健康，按时体检，有病及时去医院啊！❤ ...全文,100890,10083,1134
2018-03-10,右边这张图真的伤透了我的心T_T//@陈半边：可以死心了 评论配图,35804,2136,1296
2018-03-03,新的一年，我依然这么美！！！你们可能也想要一个这样的朋友@MaxFactor蜜丝佛陀 ！有了这位“耀”你好看的挚友，你也能“亮”出自己的本色！点击链接网页链接观看我的本色“大片”，和我一起当闪耀的大！美！女！（感谢把我拍和P得那么美的老师们，狗年好运伴随着你们！） ,50507,5933,2414
2018-03-02,好可爱啊啊啊啊啊啊！！！(≧∇≦)（大家元宵节记得吃汤圆or元宵哦！！！,39568,1965,3549
2018-02-23,看完最强大脑觉得自己是智障,50588,2748,3156
2018-02-17, ,224673,23778,4025
2018-02-16,携大小咪祝大家新年快乐！ 查看图片,109123,2050,295
2018-02-15,想要这种美丽梦幻的拜年信息，我今年一条都没有收到，难过😢 ,99672,9974,718
2018-02-13,超想吃！！,30527,939,1618
2018-02-12,papi酱的周一放送——你开心或是不开心，亲戚总在那里，等着问你问题。令人不禁想问——“过年的意义到底是什么？”——本期视频带我们走近亲戚，揭露亲戚的内心世界。（鸡年最后一个视频啦！狗年再见！爱你们嗷！ papi酱的秒拍视频 ,379864,144728,113650
2018-02-09,papi酱突然更新的放送——我们所有人在自己父母眼中都是不完美的，那么父母眼中的完美小孩到底是什么样的呢？（这样的完美小孩，你爸妈会喜欢吗？（我妈一定会超喜欢的！（听说很多人开始春节假期了，而我还在工作T_T  papi酱的秒拍视频 ,361901,91358,77468
2018-02-06,所长到底每天都在研究些什么？！//@papitube:所长这个男人，在探索女性用品的道路上越走越远…卫生棉条知识get,32698,4277,2426
2018-02-05,papi酱的周一放送——等我们这一代人，未来做了家长，会是什么样的呢？（我怀疑，老胡以后可能会拉着孩子陪他一起玩游戏（周一&一周愉快咯！ papi酱的秒拍视频 ,300579,82464,70365
2018-01-26,战队红包 ,26689,1070,330
2018-01-24,#papi酱的红包#今天是腊八节，给大家拜个早年、发个红包！请尽情自取～（我拜年为什么还要我发红包？！@让红包飞 papi酱的秒拍视频 ,97289,9206,6604
2018-01-22,papi酱的周一放送——已经工作的朋友们，你们有没有遇到过这样的老板？他们时不时就让你很茫然、很无奈、很不知所措…还没有工作的小朋友也不要难过，你们总有一天会遇到的🙂（周一快乐！这周也要拥抱工作，爱老板（我是老板，我爱我自己！ papi酱的秒拍视频 ,210688,83926,64624
2018-01-15,papi酱的周一放送——打扫卫生的时候我在想什么？我，一名热爱打扫卫生的优雅少女！打扫卫生是一种身心的修行！一场美丽的邂逅！一段婚姻的调味料！（说得我自己都信了呢！祝大家一周愉快！周末你打扫卫生了吗？ papi酱的秒拍视频 ,277118,147807,128726
2018-01-12,papi酱不定期更新的放送——话说，有很多人都说宠物就像我们的孩子一样，那么，如果我们真的把宠物当成孩子，会是什么样的呢？（重点高亮：宠物不是物件，一旦选择，请负责到底。（另，接我上条的转发微博，就算猫狗不是你的孩子也请别伤害。 Papi酱的秒拍视频 ,185486,17479,18422
2018-01-09,想要一台娃娃机！！//@papitube:抓娃娃的所有诀窍都在这了！快拿去洗劫各大商场电影院游戏厅的抓娃娃机！,24026,3122,3187
2018-01-01,起名字的时候我为什么这么不用心T_T ,233223,58087,15731
2018-01-01,2018年，你们也要幸福啊！！！！！！！,212031,6467,16482
